ticker,close_s
000001,660.714
000002,613.723
000004,68.485
000005,37.467
000006,211.891
000007,69.15
000008,36.565
000009,74.563
000010,39.399
000011,23.197
000012,356.218
000014,80.98
000016,52.862
000017,16.19
000018,14.492
000019,27.91
000020,18.272
000021,163.834
000022,45.848
000023,21.981
000024,73.781
000025,17.615
000026,95.622
000027,68.172
000028,123.888
000029,10.109
000030,19.024
000031,83.739
000032,32.161
000033,11.047
000034,24.585
000035,15.307
000036,20.271
000037,30.111
000038,18.656
000039,484.2
000040,22.933
000042,100.235
000043,29.729
000045,47.596
000046,126.381
000048,31.961
000049,89.284
000050,120.934
000055,38.757
000056,22.621
000058,24.216
000059,17.832
000060,402.233
000061,202.697
000062,38.447
000063,305.99
000065,80.4
000066,107.227
000068,13.679
000069,192.776
000070,15.741
000078,88.383
000088,25.753
000089,36.816
000090,27.035
000096,16.923
000099,41.262
000100,4.453
000150,10.195
000151,29.638
000153,54.485
000155,10.969
000156,1.259
000157,586.394
000158,15.047
000159,45.393
000301,9.275
000338,171.512
000400,128.449
000401,96.534
000402,178.279
000403,13.778
000404,27.42
000407,69.028
000408,69.365
000409,14.469
000410,34.951
000411,26.256
000413,20.451
000415,90.424
000416,66.504
000417,202.344
000418,48.347
000419,104.682
000420,28.784
000421,44.158
000422,176.621
000423,451.962
000425,382.078
000426,120.914
000428,95.195
000429,13.451
000430,35.967
000488,30.256
000498,9.755
000501,95.285
000502,29.265
000503,99.74
000504,32.756
000505,25.02
000506,27.617
000507,32.388
000509,32.684
000510,95.575
000511,54.029
000513,117.103
000514,34.929
000516,96.254
000517,26.253
000518,58.743
000519,90.47
000520,34.181
000521,36.739
000522,70.128
000523,39.952
000524,46.112
000525,107.856
000526,30.179
000527,723.728
000528,177.391
000529,22.168
000530,47.66
000531,62.281
000532,37.991
000533,21.91
000534,24.245
000536,43.188
000537,49.445
000538,678.454
000539,70.478
000540,178.15
000541,269.337
000543,16.543
000544,26.302
000545,16.759
000546,22.006
000547,57.26
000548,23.258
000550,55.276
000551,86.254
000552,31.345
000553,35.563
000554,49.599
000555,16.169
000557,55.368
000558,18.383
000559,176.761
000560,16.649
000561,20.532
000562,69.38
000563,37.903
000564,28.026
000565,38.256
000566,67.595
000567,29.542
000568,976.292
000570,47.801
000571,65.641
000572,27.282
000573,28.277
000576,45.726
000578,105.804
000581,93.965
000582,43.345
000584,25.717
000585,5.102
000586,25.617
000587,26.755
000589,35.55
000590,68.336
000591,51.018
000592,22.074
000593,50.189
000594,46.932
000595,21.647
000596,123.565
000597,36.963
000598,121.783
000599,28.271
000600,30.977
000601,47.607
000602,120.02
000603,110.96
000605,33.836
000606,56.783
000607,24.483
000608,81.995
000609,53.922
000610,35.336
000611,31.816
000612,111.446
000613,7.693
000615,37.491
000616,101.612
000617,92.503
000619,84.073
000620,2.383
000622,2.938
000623,331.6
000625,34.209
000626,42.541
000627,140.943
000628,33.08
000629,42.17
000630,193.178
000631,51.304
000632,41.44
000633,74.819
000635,58.156
000636,207.058
000637,127.531
000638,18.829
000639,56.75
000650,180.577
000651,1098.965
000652,204.643
000655,133.004
000656,16.625
000657,30.243
000659,78.366
000661,202.751
000662,33.806
000663,41.697
000665,63.706
000666,15.735
000667,74.159
000668,40.808
000669,54.179
000670,16.95
000671,54.232
000672,29.633
000673,58.149
000676,50.695
000677,95.663
000678,29.391
000679,49.082
000680,61.932
000681,16.685
000682,82.918
000683,37.874
000685,91.394
000686,131.224
000687,19.934
000688,14.931
000690,200.427
000691,16.226
000692,50.231
000693,13.341
000695,44.246
000697,45.136
000698,26.41
000700,52.14
000701,23.155
000702,15.577
000703,102.207
000705,32.055
000707,23.372
000708,25.249
000709,35.338
000710,43.648
000711,39.591
000712,110.344
000713,68.734
000715,47.454
000716,25.866
000717,17.819
000718,38.18
000719,22.998
000720,34.738
000721,27.624
000722,31.477
000723,28.514
000725,12.292
000726,53.167
000727,32.669
000728,16.977
000729,72.866
000731,71.834
000732,14.083
000733,24.103
000735,48.569
000736,17.576
000737,24.409
000738,25.766
000739,40.414
000748,27.894
000750,9.505
000751,31.831
000752,57.421
000753,34.128
000755,35.519
000756,11.173
000757,16.071
000758,190.833
000759,81.655
000760,33.889
000761,11.049
000762,137.281
000766,25.551
000767,43.233
000768,98.87
000776,122.904
000777,130.142
000778,67.022
000779,26.281
000780,68.137
000782,19.966
000783,27.339
000785,70.6
000786,71.82
000787,20.539
000788,37.513
000789,28.521
000790,114.084
000791,18.003
000792,338.718
000793,74.67
000795,40.122
000796,27.853
000797,11.934
000798,21.537
000799,44.653
000800,37.839
000801,58.257
000802,23.473
000803,25.691
000805,2.737
000806,43.624
000807,61.431
000809,19.713
000810,33.742
000811,129.814
000812,24.975
000813,36.082
000815,21.687
000816,49.393
000818,11.394
000819,110.534
000820,9.027
000821,19.783
000822,15.034
000823,44.467
000825,33.295
000826,109.031
000828,17.954
000829,191.513
000830,35.848
000831,30.538
000833,19.814
000835,87.232
000836,29.937
000837,54.222
000838,30.217
000839,111.922
000848,142.151
000850,48.042
000851,21.615
000852,36.778
000856,17.602
000858,509.505
000859,24.542
000860,49.554
000861,83.853
000862,34.336
000863,18.798
000868,28.103
000869,289.602
000875,6.252
000876,159.864
000877,106.13
000878,81.106
000880,57.89
000881,49.917
000882,13.582
000883,19.628
000885,12.233
000886,17.84
000887,197.847
000888,49.932
000889,38.528
000890,23.107
000892,13.429
000893,34.393
000895,420.956
000897,31.22
000898,15.488
000899,19.273
000900,58.117
000901,48.777
000902,13.743
000903,52.24
000905,18.062
000906,24.56
000908,21.138
000909,13.93
000910,19.797
000911,43.782
000912,16.664
000913,20.18
000915,41.466
000916,7.443
000917,85.8
000918,19.011
000919,34.71
000920,28.908
000921,8.698
000922,24.309
000923,14.776
000925,60.462
000926,39.553
000927,12.822
000928,15.699
000929,29.587
000930,46.144
000931,7.883
000932,5.293
000933,184.732
000935,25.444
000936,52.683
000937,99.739
000938,36.424
000939,90.088
000948,25.907
000949,21.464
000950,17.754
000951,46.579
000952,23.648
000953,17.648
000955,9.766
000957,20.817
000958,10.993
000959,9.715
000960,99.183
000961,23.705
000962,78.086
000963,104.383
000965,17.745
000966,10.29
000967,15.832
000968,48.062
000969,151.602
000970,215.014
000971,11.004
000972,47.698
000973,37.181
000975,28.38
000976,16.537
000977,29.704
000978,39.202
000979,31.161
000980,15.637
000981,5.733
000982,59.399
000983,158.733
000985,22.612
000987,58.533
000988,93.096
000989,44.84
000990,41.364
000993,20.462
000995,22.228
000996,70.612
000997,115.032
000998,112.678
000999,46.001
001696,202.008
001896,6.922
002001,224.492
002002,18.739
002003,87.007
002004,112.741
002005,85.779
002006,114.869
002007,587.471
002008,172.482
002009,72.527
002010,71.435
002011,73.146
002012,37.978
002013,124.828
002014,53.551
002015,52.931
002016,34.278
002017,75.514
002018,38.969
002019,93.2
002020,36.975
002021,41.028
002022,194.043
002023,82.613
002024,1074.369
002025,59.551
002026,29.536
002027,23.015
002028,274.901
002029,131.333
002030,65.804
002031,33.087
002032,115.883
002033,51.223
002034,24.743
002035,65.595
002036,50.785
002037,55.957
002038,290.906
002039,30.28
002040,21.451
002041,172.823
002042,39.873
002043,25.739
002044,28.049
002045,62.038
002046,46.51
002047,15.681
002048,80.104
002049,58.314
002050,47.847
002051,62.017
002052,32.564
002053,12.819
002054,28.567
002055,79.675
002056,80.029
002057,31.818
002058,19.009
002059,10.011
002060,14.341
002061,12.51
002062,46.499
002063,74.523
002064,59.527
002065,141.095
002066,26.598
002067,8.696
002068,31.035
002069,178.023
002070,18.767
002071,17.924
002072,9.07
002073,242.7
002074,36.046
002075,12.518
002076,19.401
002077,16.407
002078,41.946
002079,34.892
002080,42.949
002081,238.2
002082,34.999
002083,19.55
002084,15.037
002085,13.963
002086,37.298
002087,9.526
002088,34.995
002089,78.449
002090,42.956
002091,66.396
002092,44.118
002093,109.078
002094,42.485
002095,61.367
002096,80.417
002097,50.516
002098,16.839
002099,36.933
002100,59.141
002101,33.462
002102,15.193
002103,10.211
002104,66.613
002105,8.503
002106,155.682
002107,28.176
002108,41.679
002109,23.767
002110,11.354
002111,43.637
002112,21.627
002113,12.798
002114,30.378
002115,45.9
002116,24.562
002117,30.707
002118,99.547
002119,24.85
002120,23.777
002121,123.261
002122,106.594
002123,229.168
002124,32.165
002125,25.76
002126,33.334
002127,39.803
002128,54.616
002129,35.205
002130,105.597
002131,66.747
002132,48.285
002133,13.076
002134,10.79
002135,16.897
002136,16.38
002137,24.487
002138,56.134
002139,72.348
002140,176.01
002141,17.249
002142,13.055
002143,15.501
002144,17.556
002145,7.72
002146,44.288
002147,38.324
002148,68.525
002149,37.471
002150,36.351
002151,75.815
002152,133.493
002153,229.609
002154,84.561
002155,51.2
002156,23.551
002157,51.802
002158,45.555
002159,27.448
002160,16.393
002161,141.555
002162,13.827
002163,38.936
002164,29.158
002165,51.98
002166,51.847
002167,121.952
002168,240.277
002169,52.54
002170,57.118
002171,27.24
002172,27.664
002173,28.005
002174,15.976
002175,23.637
002176,48.469
002177,55.146
002178,19.638
002179,62.786
002180,31.724
002181,17.068
002182,19.021
002183,54.892
002184,35.127
002185,30.097
002186,34.853
002187,28.125
002188,21.583
002189,14.974
002190,60.046
002191,29.143
002192,57.45
002193,32.064
002194,38.532
002195,30.306
002196,33.725
002197,25.85
002198,34.052
002199,32.995
002200,48.152
002201,21.639
002202,102.817
002203,18.737
002204,25.225
002205,39.455
002206,44.809
002207,22.802
002208,33.688
002209,21.322
002210,24.92
002211,17.112
002212,35.272
002213,35.139
002214,41.432
002215,60.543
002216,76.369
002217,19.004
002218,44.394
002219,50.953
002220,56.344
002221,11.568
002222,19.638
002223,123.519
002224,28.274
002225,13.962
002226,67.008
002227,31.498
002228,31.54
002229,32.321
002230,119.907
002231,22.272
002232,50.737
002233,16.454
002234,22.37
002235,28.133
002236,169.954
002237,109.214
002238,27.487
002239,15.641
002240,10.245
002241,166.145
002242,44.919
002243,23.44
002244,29.721
002245,59.062
002246,17.477
002247,38.476
002248,53.522
002249,106.351
002250,79.764
002251,53.655
002252,61.763
002253,59.015
002254,77.049
002255,44.432
002256,39.214
002258,28.257
002259,11.386
002260,14.926
002261,72.798
002262,46.536
002263,15.111
002264,34.497
002265,12.354
002266,47.84
002267,21.754
002268,53.322
002269,53.95
002270,16.945
002271,119.838
002272,30.443
002273,87.101
002274,15.379
002275,25.413
002276,30.561
002277,43.241
002278,20.038
002279,54.71
002280,47.367
002281,46.22
002282,19.061
002283,32.621
002284,48.822
002285,53.37
002286,34.246
002287,25.265
002288,25.408
002289,35.021
002290,64.958
002291,25.01
002292,55.968
002293,73.962
002294,145.357
002295,18.22
002296,117.921
002297,41.452
002298,23.017
002299,36.139
002300,31.04
002301,24.907
002302,29.943
002303,41.92
002304,225.22
002305,11.741
002306,28.989
002307,19.54
002308,40.086
002309,51.645
002310,415.129
002311,40.169
002312,53.11
002313,57.845
002314,17.348
002315,77.631
002316,25.485
002317,67.969
002318,26.12
002319,22.074
002320,51.603
002321,25.44
002322,78.116
002323,30.146
002324,40.728
002325,48.905
002326,57.351
002327,51.927
002328,20.432
002329,49.713
002330,17.58
002331,38.428
002332,20.412
002333,23.878
002334,124.512
002335,58.8
002336,25.251
002337,28.574
002338,40.633
002339,38.22
002340,82.842
002341,41.735
002342,22.205
002343,33.684
002344,55.367
002345,52.706
002346,18.912
002347,26.484
002348,21.554
002349,37.92
002350,27.675
002351,30.911
002352,31.711
002353,143.879
002354,20.79
002355,16.616
002356,33.192
002357,26.608
002358,44.83
002359,21.01
002360,37.99
002361,24.21
002362,86.57
002363,20.97
002364,33.679
002365,32.776
002366,19.836
002367,34.3
002368,54.2
002369,45.905
002370,20.85
002371,108.8
002372,22.86
002373,27.34
002374,36.95
002375,91.98
002376,47.419
002377,20.292
002378,37.591
002379,38.47
002380,49.706
002381,33.25
002382,36.58
002383,52.45
002384,74.935
002385,40.617
002386,19.195
002387,38.85
002388,29.09
002389,61.09
002390,42.35
002391,57.632
002392,41.946
002393,50.0
002394,48.602
002395,30.89
002396,42.21
002397,63.8
002398,32.35
002399,139.13
002400,51.75
002401,48.54
002402,42.09
002403,16.66
002404,21.212
002405,54.46
002406,32.322
002407,77.49
002408,40.37
002409,41.42
002410,129.18
002411,51.0
002412,50.0
002413,24.83
002414,31.72
002415,94.984
002416,45.5
002417,23.18
002418,22.0
002419,47.7
002420,13.28
002421,36.12
002422,157.52
002423,9.35
002424,56.398
002425,40.46
002426,14.9
002427,21.42
002428,72.57
002429,26.56
002430,34.8
002431,146.173
002432,32.88
002433,32.97
002434,32.37
002435,16.68
002436,67.11
002437,76.98
002438,36.45
002439,42.55
002440,33.47
002441,52.98
002442,14.3
002443,24.81
002444,38.58
002445,22.85
002446,27.1
002447,78.92
002448,46.88
002449,43.85
002450,31.9
002451,17.06
002452,29.73
002453,45.0
002454,30.5
002455,36.0
002456,69.19
002457,42.09
002458,37.98
002459,27.47
002460,49.0
002461,19.0
002462,22.56
002463,17.06
002464,28.84
002465,40.76
002466,55.13
002467,32.01
002468,25.55
002469,78.0
002470,19.24
002471,27.02
002472,42.6
002473,31.61
002474,49.5
002475,55.97
002476,27.95
002477,57.3
002478,17.57
002479,34.39
002480,69.0
002481,49.75
002482,84.76
002483,29.95
002484,30.7
002485,27.6
002486,14.9
002487,39.7
002488,24.41
002489,37.91
002490,23.14
002491,20.81
002492,20.95
002493,63.96
002494,31.29
002495,31.57
002496,55.8
002497,42.3
002498,44.87
002499,41.55
002500,12.16
002501,52.8
002502,30.3
002503,91.26
002504,26.85
002505,27.9
002506,44.51
002507,27.14
002508,37.35
002509,31.25
002510,21.85
002511,40.1
002512,35.5
002513,53.55
002514,43.23
002515,46.06
002516,21.08
002517,26.78
002518,37.15
002519,50.45
002520,45.8
002521,40.9
002522,42.52
002523,21.15
002524,31.01
002526,25.77
002527,26.69
002528,51.54
002529,21.49
002530,22.0
002531,25.32
002532,37.0
002533,34.66
200002,252.62
200011,9.66
200012,86.257
200016,13.402
200017,5.66
200018,3.982
200019,9.323
200020,4.466
200022,43.506
200024,44.881
200025,5.01
200026,24.935
200028,59.388
200029,4.259
200030,4.236
200037,17.814
200039,472.168
200045,16.968
200053,21.267
200054,4.226
200055,15.921
200056,7.91
200058,6.801
200152,16.834
200160,5.535
200168,4.67
200413,7.261
200418,40.528
200429,13.849
200468,5.218
200488,33.801
200505,4.977
200512,18.649
200513,46.388
200521,10.635
200530,11.549
200539,25.475
200541,104.307
200550,32.334
200553,9.208
200570,10.576
200581,70.109
200596,63.472
200613,3.63
200625,14.128
200706,12.973
200725,8.473
200726,62.435
200761,7.097
200770,6.828
200771,50.587
200869,230.314
200986,6.916
200992,5.239
300001,43.221
300002,139.921
300003,55.046
300004,53.113
300005,68.857
300006,36.828
300007,39.896
300008,53.845
300009,39.717
300010,39.896
300011,80.694
300012,55.137
300013,23.312
300014,38.714
300015,88.922
300016,28.781
300017,28.714
300018,42.99
300019,43.734
300020,55.364
300021,44.7
300022,64.146
300023,24.931
300024,127.213
300025,66.8
300026,90.362
300027,58.948
300028,19.315
300029,31.083
300030,30.51
300031,44.908
300032,23.188
300033,71.227
300034,35.512
300035,33.337
300036,32.373
300037,42.909
300038,22.385
300039,76.4
300040,40.032
300041,63.003
300042,30.166
300043,55.469
300044,38.436
300045,41.526
300046,67.075
300047,29.498
300048,60.813
300049,34.839
300050,135.789
300051,40.92
300052,28.247
300053,26.318
300054,65.61
300055,176.336
300056,38.1
300057,27.223
300058,53.295
300059,53.453
300061,23.38
300062,37.78
300063,26.72
300064,36.81
300065,56.5
300066,57.142
300067,19.43
300068,29.6
300069,32.16
300070,125.0
300071,33.351
300072,45.0
300073,46.33
300074,74.55
300075,53.4
300076,55.62
300077,128.88
300078,74.31
300079,70.72
300080,56.72
300081,31.06
300082,85.929
300083,46.0
300084,35.79
300085,28.8
300086,79.93
300087,66.0
300088,51.1
300089,23.8
300090,33.18
300091,47.59
300092,33.07
300093,32.88
300094,15.07
300095,26.99
300096,40.05
300097,27.67
300098,35.85
300099,112.8
300100,39.44
300101,108.372
300102,84.1
300103,43.28
300104,64.38
300105,121.9
300106,22.38
300107,60.2
300108,35.9
300109,63.99
300110,18.7
300111,24.02
300112,25.38
300113,69.4
300114,35.69
300115,64.6
300116,32.35
300117,30.21
300118,60.7
300119,70.53
300120,26.72
300121,27.45
300122,35.48
300123,42.5
300124,139.88
300125,83.49
300126,38.68
300127,27.9
300128,47.19
300129,39.92
300130,45.25
300131,56.88
300132,35.66
300133,116.0
300134,66.0
300135,45.84
300136,67.8
300137,38.21
300138,34.44
300139,72.8
300140,45.5
300141,47.28
300142,133.2
300143,56.24
300144,56.29
300145,38.8
300146,150.0
300147,36.4
300148,27.39
300149,34.72
300150,47.8
300151,36.83
300152,51.49
300153,39.11
300154,40.65
600000,62.685
600004,11.861
600005,20.332
600006,16.122
600007,15.511
600008,21.792
600009,32.049
600010,11.151
600011,19.611
600012,9.627
600015,19.495
600016,66.645
600017,12.63
600018,4.073
600019,11.207
600020,10.824
600021,6.987
600022,15.192
600026,14.769
600027,4.513
600028,12.461
600029,14.61
600030,55.54
600031,601.144
600033,18.015
600035,8.191
600036,44.61
600037,58.918
600038,82.386
600039,15.523
600048,86.973
600050,7.755
600051,39.229
600052,14.776
600053,14.279
600054,47.644
600055,99.647
600056,67.344
600057,22.318
600058,149.793
600059,99.984
600060,37.552
600061,76.168
600062,136.943
600063,38.083
600064,86.9
600066,220.738
600067,104.402
600068,58.205
600069,27.855
600070,36.439
600071,70.673
600072,64.538
600073,20.889
600074,33.446
600075,89.599
600076,17.203
600077,31.581
600078,46.94
600079,159.302
600080,37.351
600081,107.975
600082,31.4
600083,6.86
600084,70.088
600085,141.676
600086,75.912
600087,52.089
600088,45.937
600089,425.716
600090,53.364
600091,15.616
600093,34.01
600094,15.661
600095,35.656
600096,59.901
600097,17.933
600098,37.742
600099,27.542
600100,260.319
600101,70.597
600102,21.088
600103,14.825
600104,88.084
600105,57.179
600106,21.383
600107,28.267
600108,63.519
600109,60.487
600110,113.461
600111,301.241
600112,38.391
600113,27.655
600114,27.517
600115,8.818
600116,23.143
600117,24.373
600118,265.02
600119,22.401
600120,140.589
600121,48.905
600122,40.014
600123,148.201
600125,165.875
600126,18.763
600127,38.289
600128,31.752
600129,28.736
600130,25.235
600131,39.888
600132,261.157
600133,39.199
600135,43.981
600136,13.759
600137,26.04
600138,47.482
600139,121.581
600141,49.553
600143,162.716
600145,32.209
600146,35.838
600148,37.566
600149,15.057
600150,104.876
600151,62.952
600152,21.649
600153,77.614
600155,12.309
600156,11.569
600157,139.845
600158,44.971
600159,23.992
600160,69.68
600161,119.557
600162,20.966
600163,11.48
600165,16.806
600166,144.707
600167,12.685
600168,18.044
600169,71.763
600170,30.166
600171,23.079
600172,41.854
600173,12.524
600175,72.255
600176,69.436
600177,132.225
600178,24.339
600179,8.765
600180,21.38
600182,10.007
600183,53.004
600184,69.046
600185,16.376
600186,24.212
600187,22.596
600188,67.593
600189,18.768
600190,11.711
600191,17.478
600192,16.873
600193,50.294
600195,55.471
600196,167.029
600197,49.856
600198,35.633
600199,93.85
600200,73.457
600201,54.101
600202,59.43
600203,13.793
600206,33.813
600207,10.612
600208,31.006
600209,21.302
600210,34.478
600211,26.542
600212,12.412
600213,26.983
600215,13.962
600216,92.193
600217,25.278
600218,33.059
600219,21.268
600220,43.461
600221,13.259
600222,29.685
600223,13.572
600225,17.115
600226,59.034
600227,32.969
600228,21.886
600229,8.265
600230,19.707
600231,31.281
600232,14.055
600233,32.777
600234,12.902
600235,17.396
600236,18.663
600237,35.318
600238,43.286
600239,126.33
600240,25.889
600241,20.686
600242,7.43
600243,14.611
600246,62.108
600247,22.866
600248,32.188
600249,33.763
600250,26.637
600251,113.915
600252,191.844
600253,28.188
600255,61.739
600256,378.492
600257,57.42
600258,34.394
600259,68.308
600260,30.436
600261,131.173
600262,23.456
600263,18.778
600265,18.445
600266,34.016
600267,157.087
600268,89.306
600269,48.161
600270,43.228
600271,221.184
600272,11.458
600273,18.904
600275,13.168
600276,443.771
600277,28.921
600278,17.485
600279,19.289
600280,37.849
600281,22.653
600282,16.751
600283,21.045
600284,28.563
600285,35.506
600287,45.601
600288,55.732
600289,89.303
600290,49.224
600291,35.66
600292,59.225
600293,29.42
600295,54.629
600297,34.376
600298,132.271
600299,36.012
600300,39.931
600301,13.058
600302,21.166
600303,45.716
600305,26.059
600306,24.391
600307,18.931
600308,33.037
600309,346.188
600310,53.557
600311,83.718
600312,77.621
600313,11.121
600315,121.92
600316,115.486
600317,18.981
600318,18.009
600319,9.777
600320,69.77
600321,28.256
600322,13.276
600323,30.23
600325,37.897
600326,95.689
600327,85.12
600328,37.86
600329,40.836
600330,69.619
600331,139.263
600332,28.733
600333,32.502
600335,54.049
600336,11.327
600337,54.435
600338,17.673
600339,32.73
600340,18.549
600343,38.285
600345,29.44
600346,27.724
600348,211.817
600350,7.556
600351,65.564
600352,92.699
600353,25.326
600354,49.223
600355,18.381
600356,16.604
600358,19.298
600359,25.331
600360,53.265
600361,47.61
600362,61.679
600363,37.691
600365,15.618
600366,117.562
600367,74.302
600368,10.894
600369,23.468
600370,15.331
600371,29.764
600372,45.22
600373,38.525
600375,84.929
600376,57.398
600377,11.359
600378,54.69
600379,22.674
600380,84.372
600381,28.145
600382,28.381
600383,74.622
600385,14.672
600386,24.653
600387,28.171
600388,50.458
600389,23.568
600390,47.886
600391,31.59
600392,82.037
600393,27.627
600395,79.583
600396,28.605
600397,29.853
600398,36.14
600399,9.275
600400,19.752
600401,14.557
600403,80.241
600405,36.558
600406,415.384
600408,23.98
600409,30.763
600410,126.543
600415,318.542
600416,50.121
600418,58.679
600419,16.203
600420,83.478
600421,11.635
600422,61.825
600423,31.699
600425,55.92
600426,44.127
600428,47.613
600429,10.698
600432,125.502
600433,18.521
600435,105.193
600436,106.975
600438,44.08
600439,127.875
600444,32.618
600446,39.008
600448,10.387
600449,58.349
600452,22.499
600455,15.424
600456,69.344
600458,206.523
600459,59.055
600460,127.824
600461,24.117
600462,16.801
600463,19.251
600466,19.328
600467,62.495
600468,173.579
600469,16.627
600470,18.559
600475,56.346
600476,25.619
600477,62.096
600478,40.556
600479,149.893
600480,30.205
600481,61.926
600482,43.322
600483,16.066
600485,52.653
600486,48.699
600487,64.43
600488,39.563
600489,219.028
600490,34.545
600491,60.221
600493,13.803
600495,41.884
600496,47.237
600497,178.291
600498,68.019
600499,328.076
600500,64.485
600501,56.658
600502,33.702
600503,20.075
600505,30.058
600506,14.536
600507,47.539
600508,81.94
600509,59.267
600510,43.9
600511,124.56
600512,27.277
600513,48.11
600515,16.644
600516,63.532
600517,167.476
600518,349.336
600519,891.08
600520,32.503
600521,99.592
600522,54.288
600523,31.477
600525,114.393
600526,29.549
600527,58.234
600528,36.212
600529,61.994
600530,26.838
600531,111.165
600532,21.102
600533,36.409
600535,149.576
600536,58.421
600537,84.104
600538,18.731
600539,10.417
600540,30.506
600543,29.29
600545,36.963
600546,131.521
600547,567.215
600548,7.895
600549,344.728
600550,161.181
600551,44.964
600552,45.093
600553,35.494
600555,20.301
600556,15.666
600557,109.878
600558,28.643
600559,52.827
600560,42.171
600561,33.281
600562,52.91
600563,60.024
600565,50.142
600566,17.224
600567,9.061
600568,24.052
600569,8.396
600570,279.575
600571,54.137
600572,53.631
600573,15.816
600575,91.625
600576,27.241
600577,55.116
600578,17.827
600579,12.852
600580,68.694
600581,35.674
600582,364.462
600583,143.462
600584,52.627
600585,72.545
600586,84.413
600587,67.656
600588,305.026
600589,35.397
600590,37.631
600592,35.74
600593,26.824
600594,140.114
600595,98.27
600596,105.072
600597,22.402
600598,27.297
600599,43.521
600600,51.564
600601,461.93
600602,39.429
600603,52.13
600604,15.725
600605,44.452
600606,66.099
600608,63.516
600609,13.02
600610,41.939
600611,158.146
600612,202.857
600613,28.154
600614,76.279
600615,50.225
600616,291.189
600617,28.037
600618,19.898
600619,42.653
600620,151.73
600621,186.382
600622,86.426
600623,43.383
600624,81.872
600626,35.925
600628,427.486
600629,47.969
600630,20.284
600631,116.35
600633,25.488
600634,71.391
600635,558.287
600636,167.224
600637,27.528
600638,101.524
600639,30.361
600640,85.902
600641,106.926
600642,35.071
600643,53.089
600644,163.59
600645,139.601
600647,109.086
600648,44.544
600649,79.63
600650,38.443
600651,3618.729
600652,3043.176
600653,359.3
600654,649.328
600655,233.379
600656,86.933
600657,83.421
600658,39.011
600660,486.586
600661,47.43
600662,322.236
600663,81.17
600664,101.663
600665,12.161
600666,52.837
600667,15.811
600668,68.971
600671,38.466
600673,92.844
600674,67.98
600675,155.041
600676,78.213
600677,73.603
600678,25.7
600679,33.383
600680,44.867
600681,13.138
600682,57.357
600683,36.661
600684,32.912
600685,39.582
600686,109.252
600687,39.191
600688,11.957
600689,24.49
600690,220.073
600691,34.67
600692,63.755
600693,57.189
600694,191.213
600695,12.396
600696,21.096
600697,63.648
600698,33.41
600699,27.78
600701,25.096
600702,71.288
600703,158.238
600704,70.303
600705,24.826
600706,38.242
600707,44.27
600708,45.002
600710,48.306
600711,46.079
600712,36.881
600713,59.67
600714,30.731
600715,19.027
600716,28.29
600717,128.2
600718,258.872
600719,31.851
600720,118.965
600721,20.466
600722,40.786
600723,33.026
600724,63.433
600725,38.163
600726,11.963
600727,30.228
600728,58.299
600729,116.606
600730,20.656
600731,58.329
600732,18.631
600733,56.5
600734,19.723
600735,34.817
600736,108.806
600737,170.07
600738,48.543
600739,598.696
600740,63.189
600741,319.846
600742,142.645
600743,69.121
600744,19.803
600745,21.329
600746,52.56
600747,91.279
600748,36.008
600749,43.836
600750,241.719
600751,26.709
600753,19.906
600754,57.341
600755,97.799
600756,54.676
600757,45.883
600758,26.743
600759,17.351
600760,62.798
600761,82.051
600763,23.976
600764,67.373
600765,167.774
600766,24.45
600767,18.062
600768,31.098
600769,32.89
600770,299.824
600771,40.208
600773,113.252
600774,45.609
600775,11.621
600776,22.46
600777,46.808
600778,45.643
600779,132.993
600780,58.018
600781,25.007
600782,28.923
600783,100.385
600784,38.827
600785,121.79
600787,116.383
600789,17.943
600790,51.01
600791,43.365
600792,39.308
600793,18.814
600794,57.171
600795,579.018
600796,63.823
600797,88.499
600798,33.946
600800,62.183
600801,54.246
600802,22.239
600803,72.46
600804,67.343
600805,88.476
600806,30.735
600807,34.718
600808,6.199
600809,134.115
600810,31.059
600811,94.216
600812,61.639
600814,47.329
600815,84.711
600816,57.356
600817,25.201
600818,30.892
600819,42.309
600820,84.249
600821,27.778
600822,21.715
600823,135.406
600824,115.116
600825,94.709
600826,58.807
600827,135.084
600828,100.594
600829,116.953
600830,88.766
600831,64.509
600832,102.729
600833,53.157
600834,39.571
600835,37.595
600836,74.874
600837,187.318
600838,73.258
600839,81.232
600841,26.426
600843,42.843
600844,105.246
600845,41.056
600846,86.756
600847,24.904
600848,26.799
600850,119.028
600851,73.277
600853,9.36
600854,39.421
600855,22.051
600856,17.234
600857,43.257
600858,90.929
600859,137.879
600860,11.767
600861,21.966
600862,39.233
600863,57.684
600864,76.464
600865,34.785
600866,208.537
600867,128.418
600868,111.123
600869,62.805
600870,53.668
600871,15.288
600872,77.88
600873,56.292
600874,10.624
600875,98.873
600876,9.456
600877,44.958
600879,215.794
600880,333.767
600881,288.704
600882,18.116
600883,59.894
600884,225.382
600885,20.444
600886,118.021
600887,399.981
600888,122.706
600889,33.423
600890,31.149
600891,35.139
600892,25.658
600893,49.459
600894,23.396
600895,152.879
600896,32.846
600897,58.875
600898,17.874
600900,16.345
600960,31.665
600961,26.976
600962,16.366
600963,32.999
600965,10.272
600966,26.377
600967,20.251
600969,22.101
600970,200.075
600971,136.699
600973,39.282
600975,26.961
600976,58.479
600978,26.149
600979,20.822
600980,53.299
600981,28.724
600982,15.35
600983,28.475
600984,12.115
600985,31.729
600986,36.091
600987,19.159
600988,14.572
600990,86.756
600991,26.442
600992,14.788
600993,191.43
600995,91.09
600997,68.734
600998,14.55
600999,19.418
601000,7.58
601001,43.593
601002,14.224
601003,18.671
601005,3.953
601006,8.685
601007,9.741
601008,7.583
601009,14.323
601018,3.12
601088,25.868
601098,11.98
601099,10.878
601101,48.186
601106,5.94
601107,6.802
601111,13.867
601117,5.78
601126,31.11
601139,12.531
601158,8.378
601166,26.611
601168,19.446
601169,11.822
601177,16.03
601179,7.9
601186,6.995
601188,3.64
601268,12.51
601288,2.68
601299,7.119
601318,58.022
601328,6.266
601333,3.692
601369,23.8
601377,16.2
601390,4.394
601398,4.765
601518,3.67
601588,3.569
601600,10.337
601601,23.923
601607,153.13
601618,3.91
601628,22.537
601666,37.937
601668,3.448
601678,19.01
601688,13.72
601699,115.633
601717,42.42
601718,4.23
601727,8.642
601766,7.657
601777,14.06
601788,15.706
601801,15.215
601808,26.21
601818,3.96
601857,12.013
601866,4.516
601872,4.256
601877,24.193
601880,3.94
601888,30.97
601890,21.5
601898,11.225
601899,8.5
601918,14.498
601919,9.699
601933,31.24
601939,5.473
601958,30.311
601988,3.677
601989,11.86
601991,12.694
601998,5.454
601999,10.672
900901,2.107
900902,0.795
900903,11.598
900904,1.387
900905,10.72
900906,1.048
900907,2.0
900908,0.954
900909,1.383
900910,2.07
900911,1.753
900912,2.087
900913,0.782
900914,2.627
900915,1.164
900916,1.294
900917,5.265
900918,2.336
900919,0.746
900920,1.778
900921,5.006
900922,1.14
900923,12.495
900924,0.94
900925,3.98
900926,2.79
900927,1.712
900928,1.431
900929,2.62
900930,1.547
900932,3.933
900933,3.462
900934,4.109
900935,1.661
900936,6.705
900937,1.047
900938,1.046
900939,0.574
900940,0.587
900941,1.772
900942,3.432
900943,0.844
900945,1.415
900946,0.469
900947,6.752
900948,40.397
900949,1.033
900950,3.245
900951,0.538
900952,1.016
900953,0.737
900955,1.696
900956,0.93
900957,0.675
